Pressure (Pa),Energy Flux (W)
143000000,180.81466775372
193000000,253.86904671377
243000000,327.67418720271
293000000,401.79701047537
343000000,475.97125352853
393000000,550.07233211558
443000000,624.01351728086
493000000,697.76182005607
543000000,771.25414116349
593000000,844.50782127969
643000000,917.48682349861
